Export,File,Type,UsageCount,UsedInFiles
Button,button.tsx,re-export,984,"src/components/experience.tsx; src/components/default-table.tsx; src/components/specs-table.tsx; src/components/sidebar/switch-language.tsx; src/components/sidebar/switch-theme.tsx; src/components/sidebar/switch-notifications.tsx; src/components/sidebar/switch-enterprise.tsx; src/components/sidebar/switch-sidebar.tsx; src/routes/_public/auth/register.tsx; src/routes/_public/auth/@components/LoginOptionsStep.tsx; ... +171 more"
ItemTitle,item.tsx,re-export,892,"src/components/graph-pizza.tsx; src/components/graph-bar-horizontal.tsx; src/components/default-stats-section.tsx; src/components/graph-area.tsx; src/components/default-KPI.tsx; src/components/specs-table.tsx; src/components/default-form-layout.tsx; src/components/graph-progress.tsx; src/components/graph-bar-stacked.tsx; src/components/graph-radial.tsx; ... +168 more"
ItemDescription,item.tsx,re-export,696,"src/components/graph-pizza.tsx; src/components/graph-bar-horizontal.tsx; src/components/default-stats-section.tsx; src/components/default-KPI.tsx; src/components/specs-table.tsx; src/components/default-form-layout.tsx; src/components/graph-progress.tsx; src/components/upload-image.tsx; src/components/graph-bar-stacked.tsx; src/components/graph-radial.tsx; ... +119 more"
ItemContent,item.tsx,re-export,629,"src/components/graph-pizza.tsx; src/components/graph-bar-horizontal.tsx; src/components/default-stats-section.tsx; src/components/graph-area.tsx; src/components/default-KPI.tsx; src/components/default-form-layout.tsx; src/components/graph-progress.tsx; src/components/graph-bar-stacked.tsx; src/components/graph-radial.tsx; src/components/graph-lines.tsx; ... +150 more"
Label,label.tsx,re-export,610,"src/components/graph-pizza.tsx; src/components/graph-radial.tsx; src/components/selects/dashboard-folder-select.tsx; src/components/selects/vessel-cii-reference-select.tsx; src/components/selects/port-select.tsx; src/components/selects/alert-type-select.tsx; src/components/selects/machine-select.tsx; src/components/selects/enterprise-select.tsx; src/components/selects/consumption-group-select.tsx; src/components/selects/enterprise-preferred-select.tsx; ... +131 more"
FormItem,form.tsx,re-export,492,"src/routes/_public/auth/register.tsx; src/routes/_public/auth/@components/LoginOptionsStep.tsx; src/routes/_public/auth/@components/EmailStep.tsx; src/routes/_public/auth/@components/RequestStep.tsx; src/routes/_public/auth/@components/SelectMethodStep.tsx; src/routes/_public/auth/@components/ResetStep.tsx; src/routes/_public/auth/@components/VerifyCodeStep.tsx; src/routes/_private/operation/goals/@components/goal-form-meta.tsx; src/routes/_private/operation/groups/add.tsx; src/routes/_private/operation/ptax/@components/ptax-modal.tsx; ... +34 more"
TableCell,table.tsx,re-export,438,"src/components/default-table.tsx; src/components/ai-prompt/@components/ai-table.tsx; src/routes/_private/statistics/time-operation/@components/TimeOperationTable.tsx; src/routes/_private/statistics/tracking-activity/@components/DevicesChart.tsx; src/routes/_private/statistics/tracking-activity/@components/LocationsChart.tsx; src/routes/_private/operation/goals/@components/goal-form-table.tsx; src/routes/_private/operation/operational-fleet/@components/asset-operational-list.tsx; src/routes/_private/operation/ptax/index.tsx; src/routes/_private/set-up-company/external-users/index.tsx; src/routes/_private/set-up-company/integration-list/index.tsx; ... +25 more"
Item,item.tsx,re-export,437,"src/components/graph-pizza.tsx; src/components/graph-bar-horizontal.tsx; src/components/default-stats-section.tsx; src/components/default-table.tsx; src/components/graph-area.tsx; src/components/default-KPI.tsx; src/components/specs-table.tsx; src/components/graph-progress.tsx; src/components/graph-bar-stacked.tsx; src/components/graph-radial.tsx; ... +151 more"
FormControl,form.tsx,re-export,426,"src/routes/_public/auth/register.tsx; src/routes/_public/auth/@components/LoginOptionsStep.tsx; src/routes/_public/auth/@components/EmailStep.tsx; src/routes/_public/auth/@components/RequestStep.tsx; src/routes/_public/auth/@components/SelectMethodStep.tsx; src/routes/_public/auth/@components/ResetStep.tsx; src/routes/_public/auth/@components/VerifyCodeStep.tsx; src/routes/_private/operation/goals/@components/goal-form-meta.tsx; src/routes/_private/operation/groups/add.tsx; src/routes/_private/operation/ptax/@components/ptax-modal.tsx; ... +31 more"
SelectItem,select.tsx,re-export,404,"src/components/default-table.tsx; src/routes/_private/statistics/kpis-cmms/index.tsx; src/routes/_private/statistics/tracking-activity/index.tsx; src/routes/_private/operation/goals/@components/goal-form-meta.tsx; src/routes/_private/operation/operational-asset/index.tsx; src/routes/_private/operation/operational-asset/@components/page-filter.tsx; src/routes/_private/operation/ptax/index.tsx; src/routes/_private/form/index.tsx; src/routes/_private/set-up-company/integration-list/index.tsx; src/routes/_private/consumption/comparative/index.tsx; ... +48 more"
TableHead,table.tsx,re-export,343,"src/components/default-table.tsx; src/components/ai-prompt/@components/ai-table.tsx; src/routes/_private/statistics/time-operation/@components/TimeOperationTable.tsx; src/routes/_private/statistics/tracking-activity/@components/DevicesChart.tsx; src/routes/_private/statistics/tracking-activity/@components/LocationsChart.tsx; src/routes/_private/operation/goals/@components/goal-form-table.tsx; src/routes/_private/operation/operational-fleet/@components/asset-operational-list.tsx; src/routes/_private/operation/ptax/index.tsx; src/routes/_private/set-up-company/external-users/index.tsx; src/routes/_private/set-up-company/integration-list/index.tsx; ... +20 more"
Card,card.tsx,re-export,326,"src/components/default-stats-section.tsx; src/routes/__root.tsx; src/routes/_private/index.tsx; src/routes/_private/statistics/index.tsx; src/routes/_private/statistics/time-operation/index.tsx; src/routes/_private/statistics/integration/index.tsx; src/routes/_private/statistics/kpis-cmms/index.tsx; src/routes/_private/statistics/rve-dashboard/index.tsx; src/routes/_private/statistics/tracking-activity/index.tsx; src/routes/_private/operation/index.tsx; ... +120 more"
CardContent,card.tsx,re-export,324,"src/components/default-stats-section.tsx; src/routes/__root.tsx; src/routes/_private/index.tsx; src/routes/_private/statistics/index.tsx; src/routes/_private/statistics/time-operation/index.tsx; src/routes/_private/statistics/integration/index.tsx; src/routes/_private/statistics/kpis-cmms/index.tsx; src/routes/_private/statistics/rve-dashboard/index.tsx; src/routes/_private/statistics/tracking-activity/index.tsx; src/routes/_private/operation/index.tsx; ... +119 more"
Input,input.tsx,re-export,282,"src/components/default-table.tsx; src/routes/_public/auth/register.tsx; src/routes/_public/auth/@components/LoginOptionsStep.tsx; src/routes/_public/auth/@components/EmailStep.tsx; src/routes/_public/auth/@components/RequestStep.tsx; src/routes/_public/auth/@components/ResetStep.tsx; src/routes/_public/auth/@components/RecaptchaStep.tsx; src/routes/_public/auth/@components/VerifyCodeStep.tsx; src/routes/_private/operation/goals/index.tsx; src/routes/_private/operation/goals/@components/goal-form-table.tsx; ... +104 more"
Field,field.tsx,re-export,260,"src/routes/_public/auth/index.tsx; src/routes/_public/auth/register.tsx; src/routes/_public/auth/@components/SelectMethodStep.tsx; src/routes/_public/auth/@components/RecaptchaStep.tsx; src/routes/_private/set-up-company/external-users/@components/modal-new-external-user.tsx; src/routes/_private/set-up-company/setup-api-external/@components/api-external-form.tsx; src/routes/_private/set-up-company/setup-email/@components/email-config-form.tsx; src/routes/_private/set-up-company/setup-fleet/@components/setup-fleet-form.tsx; src/routes/_private/set-up-company/setup-chatbot/@components/setup-chatbot-form.tsx; src/routes/_private/set-up-company/setup-limits/@components/setup-limits-form.tsx; ... +17 more"
FormField,form.tsx,re-export,245,"src/routes/_public/auth/register.tsx; src/routes/_public/auth/@components/LoginOptionsStep.tsx; src/routes/_public/auth/@components/EmailStep.tsx; src/routes/_public/auth/@components/RequestStep.tsx; src/routes/_public/auth/@components/SelectMethodStep.tsx; src/routes/_public/auth/@components/ResetStep.tsx; src/routes/_public/auth/@components/VerifyCodeStep.tsx; src/routes/_private/operation/goals/@components/goal-form-meta.tsx; src/routes/_private/operation/groups/add.tsx; src/routes/_private/operation/ptax/@components/ptax-modal.tsx; ... +34 more"
FieldLabel,field.tsx,re-export,234,"src/routes/_public/auth/@components/RecaptchaStep.tsx; src/routes/_private/set-up-company/external-users/@components/modal-new-external-user.tsx; src/routes/_private/set-up-company/setup-api-external/@components/api-external-form.tsx; src/routes/_private/set-up-company/setup-email/@components/email-config-form.tsx; src/routes/_private/set-up-company/setup-fleet/@components/setup-fleet-form.tsx; src/routes/_private/set-up-company/setup-chatbot/@components/setup-chatbot-form.tsx; src/routes/_private/set-up-company/setup-limits/@components/setup-limits-form.tsx; src/routes/_private/permissions/roles/edit/index.tsx; src/routes/_private/permissions/users/add.tsx; src/routes/_private/permissions/users/permissions-add.tsx; ... +14 more"
FormMessage,form.tsx,re-export,230,"src/routes/_public/auth/register.tsx; src/routes/_public/auth/@components/LoginOptionsStep.tsx; src/routes/_public/auth/@components/EmailStep.tsx; src/routes/_public/auth/@components/RequestStep.tsx; src/routes/_public/auth/@components/SelectMethodStep.tsx; src/routes/_public/auth/@components/ResetStep.tsx; src/routes/_public/auth/@components/VerifyCodeStep.tsx; src/routes/_private/operation/goals/@components/goal-form-meta.tsx; src/routes/_private/operation/groups/add.tsx; src/routes/_private/operation/ptax/@components/ptax-modal.tsx; ... +34 more"
CardHeader,card.tsx,re-export,216,"src/routes/__root.tsx; src/routes/_private/index.tsx; src/routes/_private/statistics/index.tsx; src/routes/_private/statistics/time-operation/index.tsx; src/routes/_private/statistics/integration/index.tsx; src/routes/_private/statistics/kpis-cmms/index.tsx; src/routes/_private/statistics/rve-dashboard/index.tsx; src/routes/_private/statistics/tracking-activity/index.tsx; src/routes/_private/operation/index.tsx; src/routes/_private/operation/goals/index.tsx; ... +112 more"
FormLabel,form.tsx,re-export,216,"src/routes/_public/auth/register.tsx; src/routes/_public/auth/@components/LoginOptionsStep.tsx; src/routes/_public/auth/@components/EmailStep.tsx; src/routes/_public/auth/@components/RequestStep.tsx; src/routes/_public/auth/@components/SelectMethodStep.tsx; src/routes/_public/auth/@components/ResetStep.tsx; src/routes/_public/auth/@components/VerifyCodeStep.tsx; src/routes/_private/operation/goals/@components/goal-form-meta.tsx; src/routes/_private/operation/groups/add.tsx; src/routes/_private/operation/ptax/@components/ptax-modal.tsx; ... +15 more"
PaginationItem,pagination.tsx,re-export,188,"src/routes/_private/operation/ptax/index.tsx; src/routes/_private/form/index.tsx; src/routes/_private/cmms/filled-form-cmms/@components/filled-form-table.tsx; src/routes/_private/register/customers/index.tsx; src/routes/_private/register/buoy/index.tsx; src/routes/_private/register/sensors/index.tsx; src/routes/_private/register/forms/index.tsx; src/routes/_private/register/sensor-functions/index.tsx; src/routes/_private/register/contracts/index.tsx; src/routes/_private/register/platform/index.tsx; ... +14 more"
TableRow,table.tsx,re-export,176,"src/components/default-table.tsx; src/components/ai-prompt/@components/ai-table.tsx; src/routes/_private/statistics/time-operation/@components/TimeOperationTable.tsx; src/routes/_private/statistics/tracking-activity/@components/DevicesChart.tsx; src/routes/_private/statistics/tracking-activity/@components/LocationsChart.tsx; src/routes/_private/operation/goals/@components/goal-form-table.tsx; src/routes/_private/operation/operational-fleet/@components/asset-operational-list.tsx; src/routes/_private/operation/ptax/index.tsx; src/routes/_private/set-up-company/external-users/index.tsx; src/routes/_private/set-up-company/integration-list/index.tsx; ... +24 more"
Select,select.tsx,re-export,172,"src/components/default-table.tsx; src/routes/_private/statistics/kpis-cmms/index.tsx; src/routes/_private/statistics/tracking-activity/index.tsx; src/routes/_private/operation/goals/@components/goal-form-meta.tsx; src/routes/_private/operation/operational-asset/index.tsx; src/routes/_private/operation/operational-asset/@components/page-filter.tsx; src/routes/_private/operation/ptax/index.tsx; src/routes/_private/form/index.tsx; src/routes/_private/set-up-company/integration-list/index.tsx; src/routes/_private/consumption/comparative/index.tsx; ... +48 more"
SelectContent,select.tsx,re-export,172,"src/components/default-table.tsx; src/routes/_private/statistics/kpis-cmms/index.tsx; src/routes/_private/statistics/tracking-activity/index.tsx; src/routes/_private/operation/goals/@components/goal-form-meta.tsx; src/routes/_private/operation/operational-asset/index.tsx; src/routes/_private/operation/operational-asset/@components/page-filter.tsx; src/routes/_private/operation/ptax/index.tsx; src/routes/_private/form/index.tsx; src/routes/_private/set-up-company/integration-list/index.tsx; src/routes/_private/consumption/comparative/index.tsx; ... +48 more"
SelectTrigger,select.tsx,re-export,172,"src/components/default-table.tsx; src/routes/_private/statistics/kpis-cmms/index.tsx; src/routes/_private/statistics/tracking-activity/index.tsx; src/routes/_private/operation/goals/@components/goal-form-meta.tsx; src/routes/_private/operation/operational-asset/index.tsx; src/routes/_private/operation/operational-asset/@components/page-filter.tsx; src/routes/_private/operation/ptax/index.tsx; src/routes/_private/form/index.tsx; src/routes/_private/set-up-company/integration-list/index.tsx; src/routes/_private/consumption/comparative/index.tsx; ... +48 more"
DropdownMenuItem,dropdown-menu.tsx,re-export,156,"src/components/default-table.tsx; src/components/sidebar/switch-language.tsx; src/components/sidebar/nav-footer.tsx; src/components/sidebar/switch-theme.tsx; src/components/sidebar/switch-notifications.tsx; src/components/sidebar/switch-enterprise.tsx; src/components/sidebar/switch-favorites.tsx; src/routes/_private/operation/goals/index.tsx; src/routes/_private/operation/groups/index.tsx; src/routes/_private/operation/ptax/index.tsx; ... +29 more"
ItemGroup,item.tsx,re-export,152,"src/components/specs-table.tsx; src/components/ai-prompt/index.tsx; src/routes/_private/statistics/kpis-cmms/index.tsx; src/routes/_private/statistics/tracking-activity/index.tsx; src/routes/_private/operation/goals/index.tsx; src/routes/_private/operation/groups/index.tsx; src/routes/_private/operation/operational-asset/index.tsx; src/routes/_private/form/index.tsx; src/routes/_private/fleet-manager/@components/panel-search.tsx; src/routes/_private/fleet-manager/@components/panel-cameras.tsx; ... +45 more"
ItemHeader,item.tsx,re-export,146,"src/components/graph-pizza.tsx; src/components/graph-bar-horizontal.tsx; src/components/specs-table.tsx; src/components/graph-bar-stacked.tsx; src/components/graph-radial.tsx; src/components/graph-lines.tsx; src/components/graph-break-parts.tsx; src/components/ai-prompt/@components/ai-visualization.tsx; src/components/ai-prompt/@components/ai-table.tsx; src/routes/_private/statistics/time-operation/@components/TimeOperationDetailsDialog.tsx; ... +49 more"
getChartColor,chart.tsx,function/const,133,"src/components/graph-pizza.tsx; src/components/graph-bar-horizontal.tsx; src/components/graph-area.tsx; src/components/graph-bar-stacked.tsx; src/components/graph-radial.tsx; src/components/graph-lines.tsx; src/components/graph-break-parts.tsx; src/components/ai-prompt/@components/ai-visualization.tsx; src/routes/_private/statistics/time-operation/@components/TimeOperationDetailsDialog.tsx; src/routes/_private/statistics/kpis-cmms/@components/StatusChart.tsx; ... +29 more"
ItemMedia,item.tsx,re-export,126,"src/components/specs-table.tsx; src/components/upload-image.tsx; src/routes/_private/index.tsx; src/routes/_private/statistics/index.tsx; src/routes/_private/statistics/time-operation/@components/TimeOperationTable.tsx; src/routes/_private/operation/index.tsx; src/routes/_private/operation/goals/index.tsx; src/routes/_private/operation/groups/index.tsx; src/routes/_private/form/index.tsx; src/routes/_private/set-up-company/index.tsx; ... +47 more"
CardFooter,card.tsx,re-export,124,"src/routes/_private/operation/goals/add.tsx; src/routes/_private/operation/groups/add.tsx; src/routes/_private/operation/ptax/index.tsx; src/routes/_private/form/index.tsx; src/routes/_private/set-up-company/setup-api-external/index.tsx; src/routes/_private/set-up-company/setup-email/index.tsx; src/routes/_private/set-up-company/setup-fleet/index.tsx; src/routes/_private/set-up-company/setup-chatbot/index.tsx; src/routes/_private/set-up-company/setup-limits/index.tsx; src/routes/_private/permissions/roles/add.tsx; ... +52 more"
Badge,badge.tsx,re-export,111,"src/components/default-table.tsx; src/routes/_private/statistics/integration/index.tsx; src/routes/_private/statistics/kpis-cmms/@components/KPI.tsx; src/routes/_private/statistics/rve-dashboard/@components/KPI.tsx; src/routes/_private/operation/operational-fleet/@components/KPI.tsx; src/routes/_private/set-up-company/integration-list/index.tsx; src/routes/_private/fleet-manager/@components/panel-search.tsx; src/routes/_private/fleet-manager/@components/panel-summary.tsx; src/routes/_private/consumption/comparative/@components/ConsumptionCard.tsx; src/routes/_private/consumption/relatorio/@components/VesselComparison.tsx; ... +23 more"
ChartContainer,chart.tsx,re-export,92,"src/components/graph-pizza.tsx; src/components/graph-bar-horizontal.tsx; src/components/graph-area.tsx; src/components/graph-bar-stacked.tsx; src/components/graph-radial.tsx; src/components/graph-lines.tsx; src/components/ai-prompt/@components/ai-visualization.tsx; src/routes/_private/statistics/time-operation/@components/TimeOperationDetailsDialog.tsx; src/routes/_private/statistics/kpis-cmms/@components/StatusChart.tsx; src/routes/_private/statistics/kpis-cmms/@components/ReliabilityVesselChart.tsx; ... +26 more"
Popover,popover.tsx,re-export,90,"src/routes/_private/statistics/time-operation/index.tsx; src/routes/_private/statistics/kpis-cmms/index.tsx; src/routes/_private/statistics/rve-dashboard/index.tsx; src/routes/_private/operation/operational-asset/index.tsx; src/routes/_private/operation/operational-asset/@components/page-filter.tsx; src/routes/_private/operation/operational-fleet/index.tsx; src/routes/_private/consumption/time-operation/index.tsx; src/routes/_private/consumption/time-operation/@components/time-operation-filter.tsx; src/routes/_private/consumption/comparative/index.tsx; src/routes/_private/consumption/rve-sounding/index.tsx; ... +14 more"
PopoverTrigger,popover.tsx,re-export,90,"src/routes/_private/statistics/time-operation/index.tsx; src/routes/_private/statistics/kpis-cmms/index.tsx; src/routes/_private/statistics/rve-dashboard/index.tsx; src/routes/_private/operation/operational-asset/index.tsx; src/routes/_private/operation/operational-asset/@components/page-filter.tsx; src/routes/_private/operation/operational-fleet/index.tsx; src/routes/_private/consumption/time-operation/index.tsx; src/routes/_private/consumption/time-operation/@components/time-operation-filter.tsx; src/routes/_private/consumption/comparative/index.tsx; src/routes/_private/consumption/rve-sounding/index.tsx; ... +14 more"
PopoverContent,popover.tsx,re-export,90,"src/routes/_private/statistics/time-operation/index.tsx; src/routes/_private/statistics/kpis-cmms/index.tsx; src/routes/_private/statistics/rve-dashboard/index.tsx; src/routes/_private/operation/operational-asset/index.tsx; src/routes/_private/operation/operational-asset/@components/page-filter.tsx; src/routes/_private/operation/operational-fleet/index.tsx; src/routes/_private/consumption/time-operation/index.tsx; src/routes/_private/consumption/time-operation/@components/time-operation-filter.tsx; src/routes/_private/consumption/comparative/index.tsx; src/routes/_private/consumption/rve-sounding/index.tsx; ... +14 more"
SelectValue,select.tsx,re-export,86,"src/components/default-table.tsx; src/routes/_private/statistics/kpis-cmms/index.tsx; src/routes/_private/statistics/tracking-activity/index.tsx; src/routes/_private/operation/goals/@components/goal-form-meta.tsx; src/routes/_private/operation/operational-asset/index.tsx; src/routes/_private/operation/operational-asset/@components/page-filter.tsx; src/routes/_private/operation/ptax/index.tsx; src/routes/_private/form/index.tsx; src/routes/_private/set-up-company/integration-list/index.tsx; src/routes/_private/consumption/comparative/index.tsx; ... +48 more"
DropdownMenu,dropdown-menu.tsx,re-export,78,"src/components/default-table.tsx; src/components/sidebar/switch-language.tsx; src/components/sidebar/nav-footer.tsx; src/components/sidebar/switch-theme.tsx; src/components/sidebar/switch-notifications.tsx; src/components/sidebar/switch-enterprise.tsx; src/components/sidebar/switch-favorites.tsx; src/routes/_private/operation/goals/index.tsx; src/routes/_private/operation/groups/index.tsx; src/routes/_private/operation/ptax/index.tsx; ... +29 more"
DropdownMenuTrigger,dropdown-menu.tsx,re-export,78,"src/components/default-table.tsx; src/components/sidebar/switch-language.tsx; src/components/sidebar/nav-footer.tsx; src/components/sidebar/switch-theme.tsx; src/components/sidebar/switch-notifications.tsx; src/components/sidebar/switch-enterprise.tsx; src/components/sidebar/switch-favorites.tsx; src/routes/_private/operation/goals/index.tsx; src/routes/_private/operation/groups/index.tsx; src/routes/_private/operation/ptax/index.tsx; ... +29 more"
DropdownMenuContent,dropdown-menu.tsx,re-export,78,"src/components/default-table.tsx; src/components/sidebar/switch-language.tsx; src/components/sidebar/nav-footer.tsx; src/components/sidebar/switch-theme.tsx; src/components/sidebar/switch-notifications.tsx; src/components/sidebar/switch-enterprise.tsx; src/components/sidebar/switch-favorites.tsx; src/routes/_private/operation/goals/index.tsx; src/routes/_private/operation/groups/index.tsx; src/routes/_private/operation/ptax/index.tsx; ... +29 more"
Table,table.tsx,re-export,76,"src/components/default-table.tsx; src/components/ai-prompt/@components/ai-table.tsx; src/routes/_private/statistics/time-operation/@components/TimeOperationTable.tsx; src/routes/_private/statistics/tracking-activity/@components/DevicesChart.tsx; src/routes/_private/statistics/tracking-activity/@components/LocationsChart.tsx; src/routes/_private/operation/goals/@components/goal-form-table.tsx; src/routes/_private/operation/operational-fleet/@components/asset-operational-list.tsx; src/routes/_private/operation/ptax/index.tsx; src/routes/_private/set-up-company/external-users/index.tsx; src/routes/_private/set-up-company/integration-list/index.tsx; ... +24 more"
TableBody,table.tsx,re-export,76,"src/components/default-table.tsx; src/components/ai-prompt/@components/ai-table.tsx; src/routes/_private/statistics/time-operation/@components/TimeOperationTable.tsx; src/routes/_private/statistics/tracking-activity/@components/DevicesChart.tsx; src/routes/_private/statistics/tracking-activity/@components/LocationsChart.tsx; src/routes/_private/operation/goals/@components/goal-form-table.tsx; src/routes/_private/operation/operational-fleet/@components/asset-operational-list.tsx; src/routes/_private/operation/ptax/index.tsx; src/routes/_private/set-up-company/external-users/index.tsx; src/routes/_private/set-up-company/integration-list/index.tsx; ... +24 more"
Form,form.tsx,re-export,74,"src/routes/_public/auth/register.tsx; src/routes/_public/auth/@components/LoginOptionsStep.tsx; src/routes/_public/auth/@components/EmailStep.tsx; src/routes/_public/auth/@components/RequestStep.tsx; src/routes/_public/auth/@components/SelectMethodStep.tsx; src/routes/_public/auth/@components/ResetStep.tsx; src/routes/_public/auth/@components/VerifyCodeStep.tsx; src/routes/_private/operation/goals/add.tsx; src/routes/_private/operation/groups/add.tsx; src/routes/_private/operation/ptax/@components/ptax-modal.tsx; ... +27 more"
Checkbox,checkbox.tsx,re-export,68,"src/components/default-table.tsx; src/routes/_public/auth/register.tsx; src/routes/_public/auth/@components/EmailStep.tsx; src/routes/_private/operation/goals/@components/goal-add-machine-modal.tsx; src/routes/_private/set-up-company/setup-email/@components/email-config-form.tsx; src/routes/_private/fleet-manager/@components/panel-options.tsx; src/routes/_private/consumption/time-operation/index.tsx; src/routes/_private/consumption/time-operation/@components/time-operation-filter.tsx; src/routes/_private/consumption/relatorio/index.tsx; src/routes/_private/consumption/daily/@components/ConsumptionChart.tsx; ... +22 more"
TableHeader,table.tsx,re-export,66,"src/components/default-table.tsx; src/components/ai-prompt/@components/ai-table.tsx; src/routes/_private/statistics/time-operation/@components/TimeOperationTable.tsx; src/routes/_private/statistics/tracking-activity/@components/DevicesChart.tsx; src/routes/_private/statistics/tracking-activity/@components/LocationsChart.tsx; src/routes/_private/operation/goals/@components/goal-form-table.tsx; src/routes/_private/operation/operational-fleet/@components/asset-operational-list.tsx; src/routes/_private/operation/ptax/index.tsx; src/routes/_private/set-up-company/external-users/index.tsx; src/routes/_private/set-up-company/integration-list/index.tsx; ... +20 more"
AlertDialog,alert-dialog.tsx,re-export,62,"src/routes/_private/operation/goals/add.tsx; src/routes/_private/operation/groups/add.tsx; src/routes/_private/operation/ptax/index.tsx; src/routes/_private/permissions/roles/edit/index.tsx; src/routes/_private/permissions/roles/users/index.tsx; src/routes/_private/permissions/users/permissions-add.tsx; src/routes/_private/permissions/users/edit/index.tsx; src/routes/_private/register/buoy/add.tsx; src/routes/_private/register/sensors/add.tsx; src/routes/_private/register/forms/add.tsx; ... +18 more"
AlertDialogContent,alert-dialog.tsx,re-export,62,"src/routes/_private/operation/goals/add.tsx; src/routes/_private/operation/groups/add.tsx; src/routes/_private/operation/ptax/index.tsx; src/routes/_private/permissions/roles/edit/index.tsx; src/routes/_private/permissions/roles/users/index.tsx; src/routes/_private/permissions/users/permissions-add.tsx; src/routes/_private/permissions/users/edit/index.tsx; src/routes/_private/register/buoy/add.tsx; src/routes/_private/register/sensors/add.tsx; src/routes/_private/register/forms/add.tsx; ... +18 more"
AlertDialogHeader,alert-dialog.tsx,re-export,62,"src/routes/_private/operation/goals/add.tsx; src/routes/_private/operation/groups/add.tsx; src/routes/_private/operation/ptax/index.tsx; src/routes/_private/permissions/roles/edit/index.tsx; src/routes/_private/permissions/roles/users/index.tsx; src/routes/_private/permissions/users/permissions-add.tsx; src/routes/_private/permissions/users/edit/index.tsx; src/routes/_private/register/buoy/add.tsx; src/routes/_private/register/sensors/add.tsx; src/routes/_private/register/forms/add.tsx; ... +18 more"
AlertDialogFooter,alert-dialog.tsx,re-export,62,"src/routes/_private/operation/goals/add.tsx; src/routes/_private/operation/groups/add.tsx; src/routes/_private/operation/ptax/index.tsx; src/routes/_private/permissions/roles/edit/index.tsx; src/routes/_private/permissions/roles/users/index.tsx; src/routes/_private/permissions/users/permissions-add.tsx; src/routes/_private/permissions/users/edit/index.tsx; src/routes/_private/register/buoy/add.tsx; src/routes/_private/register/sensors/add.tsx; src/routes/_private/register/forms/add.tsx; ... +18 more"
AlertDialogTitle,alert-dialog.tsx,re-export,62,"src/routes/_private/operation/goals/add.tsx; src/routes/_private/operation/groups/add.tsx; src/routes/_private/operation/ptax/index.tsx; src/routes/_private/permissions/roles/edit/index.tsx; src/routes/_private/permissions/roles/users/index.tsx; src/routes/_private/permissions/users/permissions-add.tsx; src/routes/_private/permissions/users/edit/index.tsx; src/routes/_private/register/buoy/add.tsx; src/routes/_private/register/sensors/add.tsx; src/routes/_private/register/forms/add.tsx; ... +18 more"
AlertDialogDescription,alert-dialog.tsx,re-export,62,"src/routes/_private/operation/goals/add.tsx; src/routes/_private/operation/groups/add.tsx; src/routes/_private/operation/ptax/index.tsx; src/routes/_private/permissions/roles/edit/index.tsx; src/routes/_private/permissions/roles/users/index.tsx; src/routes/_private/permissions/users/permissions-add.tsx; src/routes/_private/permissions/users/edit/index.tsx; src/routes/_private/register/buoy/add.tsx; src/routes/_private/register/sensors/add.tsx; src/routes/_private/register/forms/add.tsx; ... +18 more"
AlertDialogAction,alert-dialog.tsx,re-export,62,"src/routes/_private/operation/goals/add.tsx; src/routes/_private/operation/groups/add.tsx; src/routes/_private/operation/ptax/index.tsx; src/routes/_private/permissions/roles/edit/index.tsx; src/routes/_private/permissions/roles/users/index.tsx; src/routes/_private/permissions/users/permissions-add.tsx; src/routes/_private/permissions/users/edit/index.tsx; src/routes/_private/register/buoy/add.tsx; src/routes/_private/register/sensors/add.tsx; src/routes/_private/register/forms/add.tsx; ... +18 more"
AlertDialogCancel,alert-dialog.tsx,re-export,62,"src/routes/_private/operation/goals/add.tsx; src/routes/_private/operation/groups/add.tsx; src/routes/_private/operation/ptax/index.tsx; src/routes/_private/permissions/roles/edit/index.tsx; src/routes/_private/permissions/roles/users/index.tsx; src/routes/_private/permissions/users/permissions-add.tsx; src/routes/_private/permissions/users/edit/index.tsx; src/routes/_private/register/buoy/add.tsx; src/routes/_private/register/sensors/add.tsx; src/routes/_private/register/forms/add.tsx; ... +18 more"
Dialog,dialog.tsx,re-export,60,"src/routes/_private/statistics/time-operation/@components/TimeOperationDetailsDialog.tsx; src/routes/_private/operation/goals/@components/goal-add-machine-modal.tsx; src/routes/_private/operation/ptax/@components/ptax-modal.tsx; src/routes/_private/set-up-company/external-users/@components/modal-new-external-user.tsx; src/routes/_private/consumption/rve-sounding/@components/modal-view-details.tsx; src/routes/_private/consumption/daily/@components/Statistics.tsx; src/routes/_private/consumption/daily/@components/ListPolling.tsx; src/routes/_private/ia/anomaly-detector/@components/modal-anomaly.tsx; src/routes/_private/permissions/users/@components/user-filter-dialog.tsx; src/routes/_private/register/forms/@components/form-field-editor-modal.tsx; ... +18 more"
DialogContent,dialog.tsx,re-export,60,"src/routes/_private/statistics/time-operation/@components/TimeOperationDetailsDialog.tsx; src/routes/_private/operation/goals/@components/goal-add-machine-modal.tsx; src/routes/_private/operation/ptax/@components/ptax-modal.tsx; src/routes/_private/set-up-company/external-users/@components/modal-new-external-user.tsx; src/routes/_private/consumption/rve-sounding/@components/modal-view-details.tsx; src/routes/_private/consumption/daily/@components/Statistics.tsx; src/routes/_private/consumption/daily/@components/ListPolling.tsx; src/routes/_private/ia/anomaly-detector/@components/modal-anomaly.tsx; src/routes/_private/permissions/users/@components/user-filter-dialog.tsx; src/routes/_private/register/forms/@components/form-field-editor-modal.tsx; ... +18 more"
DialogHeader,dialog.tsx,re-export,60,"src/routes/_private/statistics/time-operation/@components/TimeOperationDetailsDialog.tsx; src/routes/_private/operation/goals/@components/goal-add-machine-modal.tsx; src/routes/_private/operation/ptax/@components/ptax-modal.tsx; src/routes/_private/set-up-company/external-users/@components/modal-new-external-user.tsx; src/routes/_private/consumption/rve-sounding/@components/modal-view-details.tsx; src/routes/_private/consumption/daily/@components/Statistics.tsx; src/routes/_private/consumption/daily/@components/ListPolling.tsx; src/routes/_private/ia/anomaly-detector/@components/modal-anomaly.tsx; src/routes/_private/permissions/users/@components/user-filter-dialog.tsx; src/routes/_private/register/forms/@components/form-field-editor-modal.tsx; ... +18 more"
DialogTitle,dialog.tsx,re-export,60,"src/routes/_private/statistics/time-operation/@components/TimeOperationDetailsDialog.tsx; src/routes/_private/operation/goals/@components/goal-add-machine-modal.tsx; src/routes/_private/operation/ptax/@components/ptax-modal.tsx; src/routes/_private/set-up-company/external-users/@components/modal-new-external-user.tsx; src/routes/_private/consumption/rve-sounding/@components/modal-view-details.tsx; src/routes/_private/consumption/daily/@components/Statistics.tsx; src/routes/_private/consumption/daily/@components/ListPolling.tsx; src/routes/_private/ia/anomaly-detector/@components/modal-anomaly.tsx; src/routes/_private/permissions/users/@components/user-filter-dialog.tsx; src/routes/_private/register/forms/@components/form-field-editor-modal.tsx; ... +18 more"
Calendar,calendar.tsx,re-export,56,"src/routes/_private/statistics/time-operation/index.tsx; src/routes/_private/statistics/kpis-cmms/index.tsx; src/routes/_private/statistics/rve-dashboard/index.tsx; src/routes/_private/operation/operational-asset/index.tsx; src/routes/_private/operation/operational-asset/@components/page-filter.tsx; src/routes/_private/operation/operational-fleet/index.tsx; src/routes/_private/fleet-manager/@components/panel-crew.tsx; src/routes/_private/consumption/time-operation/index.tsx; src/routes/_private/consumption/time-operation/@components/time-operation-filter.tsx; src/routes/_private/consumption/comparative/index.tsx; ... +21 more"
ItemActions,item.tsx,re-export,56,"src/routes/_private/statistics/time-operation/@components/TimeOperationTable.tsx; src/routes/_private/fleet-manager/@components/sidebar-panel.tsx; src/routes/_private/fleet-manager/@components/panel-measure.tsx; src/routes/_private/consumption/time-operation/@components/time-operation-table.tsx; src/routes/_private/register/maintenance-plans/@components/services-grouped-field.tsx; src/routes/_private/register/maintenance-plans/@components/parts-cycle-field.tsx; src/routes/_private/maintenance/monitoring-wear/@components/monitoring-wear-card.tsx; src/routes/_private/maintenance/list-os-done/@components/os-done-item.tsx; src/routes/_private/service-management/fas/@components/fas-form.tsx; src/routes/_private/voyage/list-travel/@components/voyage-item.tsx"
Spinner,spinner.tsx,re-export,54,"src/components/default-loading.tsx; src/components/ai-prompt/@components/mention-dropdown.tsx; src/routes/_private/operation/goals/add.tsx; src/routes/_private/operation/groups/add.tsx; src/routes/_private/set-up-company/external-users/@components/modal-new-external-user.tsx; src/routes/_private/set-up-company/setup-api-external/index.tsx; src/routes/_private/set-up-company/setup-email/index.tsx; src/routes/_private/set-up-company/setup-fleet/index.tsx; src/routes/_private/set-up-company/setup-chatbot/index.tsx; src/routes/_private/set-up-company/setup-limits/index.tsx; ... +25 more"
TabsTrigger,tabs.tsx,re-export,50,"src/routes/_private/fleet-manager/@components/panel-search.tsx; src/routes/_private/permissions/roles/add.tsx; src/routes/_private/permissions/roles/edit/index.tsx; src/routes/_private/register/forms/@components/form-form.tsx; src/routes/_private/register/contracts/@components/contract-form.tsx; src/routes/_private/register/alerts/@components/alert-form.tsx; src/routes/_private/service-management/fas/@components/fas-dialog-add-service.tsx; src/routes/_private/voyage/list-travel/@components/dialog-itinerary.tsx"
TabsContent,tabs.tsx,re-export,50,"src/routes/_private/fleet-manager/@components/panel-search.tsx; src/routes/_private/permissions/roles/add.tsx; src/routes/_private/permissions/roles/edit/index.tsx; src/routes/_private/register/forms/@components/form-form.tsx; src/routes/_private/register/contracts/@components/contract-form.tsx; src/routes/_private/register/alerts/@components/alert-form.tsx; src/routes/_private/service-management/fas/@components/fas-dialog-add-service.tsx; src/routes/_private/voyage/list-travel/@components/dialog-itinerary.tsx"
Tooltip,tooltip.tsx,re-export,50,"src/components/graph-break-parts.tsx; src/routes/_private/statistics/tracking-activity/@components/UsersWhatsappChart.tsx; src/routes/_private/statistics/tracking-activity/@components/UsersChart.tsx; src/routes/_private/fleet-manager/@components/panel-details-tab.tsx; src/routes/_private/fleet-manager/@components/helpers/extra-layers.tsx; src/routes/_private/consumption/time-operation/@components/time-operation-table.tsx; src/routes/_private/consumption/relatorio/@components/VesselComparison.tsx; src/routes/_private/consumption/rve-rdo/@components/RVERDOItem.tsx; src/routes/_private/esg/indicators-eeoi-cii/@components/IndicatorsTable.tsx; src/routes/_private/esg/indicators-eeoi-cii/@components/IndicatorsTableDetails.tsx; ... +11 more"
DialogFooter,dialog.tsx,re-export,50,"src/routes/_private/operation/goals/@components/goal-add-machine-modal.tsx; src/routes/_private/operation/ptax/@components/ptax-modal.tsx; src/routes/_private/set-up-company/external-users/@components/modal-new-external-user.tsx; src/routes/_private/consumption/daily/@components/Statistics.tsx; src/routes/_private/consumption/daily/@components/ListPolling.tsx; src/routes/_private/permissions/users/@components/user-filter-dialog.tsx; src/routes/_private/register/forms/@components/form-field-editor-modal.tsx; src/routes/_private/register/contracts/@components/contract-form.tsx; src/routes/_private/register/machines/@components/include-vessel-modal.tsx; src/routes/_private/register/params/@components/item-params-modal.tsx; ... +13 more"
AlertDialogTrigger,alert-dialog.tsx,re-export,48,"src/routes/_private/operation/goals/add.tsx; src/routes/_private/operation/groups/add.tsx; src/routes/_private/permissions/roles/edit/index.tsx; src/routes/_private/permissions/roles/users/index.tsx; src/routes/_private/permissions/users/permissions-add.tsx; src/routes/_private/permissions/users/edit/index.tsx; src/routes/_private/register/buoy/add.tsx; src/routes/_private/register/sensors/add.tsx; src/routes/_private/register/forms/add.tsx; src/routes/_private/register/type-fuel/add.tsx; ... +13 more"
Pagination,pagination.tsx,re-export,48,"src/routes/_private/operation/ptax/index.tsx; src/routes/_private/form/index.tsx; src/routes/_private/cmms/filled-form-cmms/@components/filled-form-table.tsx; src/routes/_private/register/customers/index.tsx; src/routes/_private/register/buoy/index.tsx; src/routes/_private/register/sensors/index.tsx; src/routes/_private/register/forms/index.tsx; src/routes/_private/register/sensor-functions/index.tsx; src/routes/_private/register/contracts/index.tsx; src/routes/_private/register/platform/index.tsx; ... +14 more"
PaginationContent,pagination.tsx,re-export,48,"src/routes/_private/operation/ptax/index.tsx; src/routes/_private/form/index.tsx; src/routes/_private/cmms/filled-form-cmms/@components/filled-form-table.tsx; src/routes/_private/register/customers/index.tsx; src/routes/_private/register/buoy/index.tsx; src/routes/_private/register/sensors/index.tsx; src/routes/_private/register/forms/index.tsx; src/routes/_private/register/sensor-functions/index.tsx; src/routes/_private/register/contracts/index.tsx; src/routes/_private/register/platform/index.tsx; ... +14 more"
TooltipTrigger,tooltip.tsx,re-export,48,"src/components/graph-break-parts.tsx; src/routes/_private/statistics/tracking-activity/@components/UsersWhatsappChart.tsx; src/routes/_private/statistics/tracking-activity/@components/UsersChart.tsx; src/routes/_private/consumption/time-operation/@components/time-operation-table.tsx; src/routes/_private/consumption/relatorio/@components/VesselComparison.tsx; src/routes/_private/consumption/rve-rdo/@components/RVERDOItem.tsx; src/routes/_private/esg/indicators-eeoi-cii/@components/IndicatorsTable.tsx; src/routes/_private/esg/indicators-eeoi-cii/@components/IndicatorsTableDetails.tsx; src/routes/_private/esg/simulator-cii/index.tsx; src/routes/_private/esg/cii-fleet/@components/FleetCIITable.tsx; ... +8 more"
TooltipContent,tooltip.tsx,re-export,48,"src/components/graph-break-parts.tsx; src/routes/_private/statistics/tracking-activity/@components/UsersWhatsappChart.tsx; src/routes/_private/statistics/tracking-activity/@components/UsersChart.tsx; src/routes/_private/consumption/time-operation/@components/time-operation-table.tsx; src/routes/_private/consumption/relatorio/@components/VesselComparison.tsx; src/routes/_private/consumption/rve-rdo/@components/RVERDOItem.tsx; src/routes/_private/esg/indicators-eeoi-cii/@components/IndicatorsTable.tsx; src/routes/_private/esg/indicators-eeoi-cii/@components/IndicatorsTableDetails.tsx; src/routes/_private/esg/simulator-cii/index.tsx; src/routes/_private/esg/cii-fleet/@components/FleetCIITable.tsx; ... +8 more"
PaginationLink,pagination.tsx,re-export,46,"src/routes/_private/operation/ptax/index.tsx; src/routes/_private/form/index.tsx; src/routes/_private/cmms/filled-form-cmms/@components/filled-form-table.tsx; src/routes/_private/register/customers/index.tsx; src/routes/_private/register/buoy/index.tsx; src/routes/_private/register/sensors/index.tsx; src/routes/_private/register/forms/index.tsx; src/routes/_private/register/sensor-functions/index.tsx; src/routes/_private/register/contracts/index.tsx; src/routes/_private/register/platform/index.tsx; ... +13 more"
ChartTooltip,chart.tsx,re-export,43,"src/components/graph-pizza.tsx; src/components/graph-bar-horizontal.tsx; src/components/graph-bar-stacked.tsx; src/components/graph-lines.tsx; src/components/ai-prompt/@components/ai-visualization.tsx; src/routes/_private/statistics/time-operation/@components/TimeOperationDetailsDialog.tsx; src/routes/_private/statistics/kpis-cmms/@components/StatusChart.tsx; src/routes/_private/statistics/kpis-cmms/@components/ReliabilityVesselChart.tsx; src/routes/_private/statistics/kpis-cmms/@components/TasksVesselChart.tsx; src/routes/_private/statistics/kpis-cmms/@components/ReliabilityGroupChart.tsx; ... +24 more"
ChartTooltipContent,chart.tsx,re-export,43,"src/components/graph-pizza.tsx; src/components/graph-bar-horizontal.tsx; src/components/graph-bar-stacked.tsx; src/components/graph-lines.tsx; src/components/ai-prompt/@components/ai-visualization.tsx; src/routes/_private/statistics/time-operation/@components/TimeOperationDetailsDialog.tsx; src/routes/_private/statistics/kpis-cmms/@components/StatusChart.tsx; src/routes/_private/statistics/kpis-cmms/@components/ReliabilityVesselChart.tsx; src/routes/_private/statistics/kpis-cmms/@components/TasksVesselChart.tsx; src/routes/_private/statistics/kpis-cmms/@components/ReliabilityGroupChart.tsx; ... +24 more"
Avatar,avatar.tsx,re-export,38,"src/components/sidebar/switch-notifications.tsx; src/routes/_private/statistics/time-operation/@components/TimeOperationTable.tsx; src/routes/_private/statistics/integration/index.tsx; src/routes/_private/operation/operational-fleet/@components/asset-operational-list.tsx; src/routes/_private/set-up-company/integration-list/index.tsx; src/routes/_private/consumption/time-operation/@components/time-operation-table.tsx; src/routes/_private/consumption/comparative/@components/ConsumptionCard.tsx; src/routes/_private/consumption/rve-rdo/@components/RVERDOItem.tsx; src/routes/_private/ia/anomaly-detector/@components/anomaly-detector-list.tsx; src/routes/_private/permissions/roles/users/index.tsx; ... +9 more"
AvatarFallback,avatar.tsx,re-export,38,"src/components/sidebar/switch-notifications.tsx; src/routes/_private/statistics/time-operation/@components/TimeOperationTable.tsx; src/routes/_private/statistics/integration/index.tsx; src/routes/_private/operation/operational-fleet/@components/asset-operational-list.tsx; src/routes/_private/set-up-company/integration-list/index.tsx; src/routes/_private/consumption/time-operation/@components/time-operation-table.tsx; src/routes/_private/consumption/comparative/@components/ConsumptionCard.tsx; src/routes/_private/consumption/rve-rdo/@components/RVERDOItem.tsx; src/routes/_private/ia/anomaly-detector/@components/anomaly-detector-list.tsx; src/routes/_private/permissions/roles/users/index.tsx; ... +9 more"
Skeleton,skeleton.tsx,re-export,36,"src/components/default-loading.tsx; src/components/ai-prompt/index.tsx; src/routes/_private/statistics/kpis-cmms/@components/StatusChart.tsx; src/routes/_private/statistics/kpis-cmms/@components/KPI.tsx; src/routes/_private/statistics/kpis-cmms/@components/ReliabilityVesselChart.tsx; src/routes/_private/statistics/kpis-cmms/@components/TasksVesselChart.tsx; src/routes/_private/statistics/kpis-cmms/@components/ReliabilityGroupChart.tsx; src/routes/_private/statistics/kpis-cmms/@components/DeviationsChart.tsx; src/routes/_private/statistics/tracking-activity/@components/TrackingPathsChart.tsx; src/routes/_private/statistics/tracking-activity/@components/DevicesChart.tsx; ... +21 more"
ChartLegend,chart.tsx,re-export,30,"src/components/graph-pizza.tsx; src/components/graph-bar-stacked.tsx; src/components/ai-prompt/@components/ai-visualization.tsx; src/routes/_private/statistics/time-operation/@components/TimeOperationDetailsDialog.tsx; src/routes/_private/statistics/kpis-cmms/@components/StatusChart.tsx; src/routes/_private/statistics/kpis-cmms/@components/TasksVesselChart.tsx; src/routes/_private/statistics/kpis-cmms/@components/DeviationsChart.tsx; src/routes/_private/statistics/rve-dashboard/@components/RVEScaleChart.tsx; src/routes/_private/statistics/rve-dashboard/@components/RVEOperationalChart.tsx; src/routes/_private/statistics/tracking-activity/@components/TrackingPathsChart.tsx; ... +13 more"
ChartLegendContent,chart.tsx,re-export,30,"src/components/graph-pizza.tsx; src/components/graph-bar-stacked.tsx; src/components/ai-prompt/@components/ai-visualization.tsx; src/routes/_private/statistics/time-operation/@components/TimeOperationDetailsDialog.tsx; src/routes/_private/statistics/kpis-cmms/@components/StatusChart.tsx; src/routes/_private/statistics/kpis-cmms/@components/TasksVesselChart.tsx; src/routes/_private/statistics/kpis-cmms/@components/DeviationsChart.tsx; src/routes/_private/statistics/rve-dashboard/@components/RVEScaleChart.tsx; src/routes/_private/statistics/rve-dashboard/@components/RVEOperationalChart.tsx; src/routes/_private/statistics/tracking-activity/@components/TrackingPathsChart.tsx; ... +13 more"
TooltipProvider,tooltip.tsx,re-export,28,"src/components/graph-break-parts.tsx; src/routes/_private/statistics/tracking-activity/@components/UsersWhatsappChart.tsx; src/routes/_private/statistics/tracking-activity/@components/UsersChart.tsx; src/routes/_private/consumption/time-operation/@components/time-operation-table.tsx; src/routes/_private/consumption/relatorio/@components/VesselComparison.tsx; src/routes/_private/consumption/rve-rdo/@components/RVERDOItem.tsx; src/routes/_private/esg/indicators-eeoi-cii/@components/IndicatorsTable.tsx; src/routes/_private/esg/indicators-eeoi-cii/@components/IndicatorsTableDetails.tsx; src/routes/_private/esg/simulator-cii/index.tsx; src/routes/_private/esg/cii-fleet/@components/FleetCIITable.tsx; ... +2 more"
PaginationPrevious,pagination.tsx,re-export,24,"src/routes/_private/operation/ptax/index.tsx; src/routes/_private/form/index.tsx; src/routes/_private/cmms/filled-form-cmms/@components/filled-form-table.tsx; src/routes/_private/register/customers/index.tsx; src/routes/_private/register/buoy/index.tsx; src/routes/_private/register/sensors/index.tsx; src/routes/_private/register/forms/index.tsx; src/routes/_private/register/sensor-functions/index.tsx; src/routes/_private/register/contracts/index.tsx; src/routes/_private/register/platform/index.tsx; ... +14 more"
PaginationNext,pagination.tsx,re-export,24,"src/routes/_private/operation/ptax/index.tsx; src/routes/_private/form/index.tsx; src/routes/_private/cmms/filled-form-cmms/@components/filled-form-table.tsx; src/routes/_private/register/customers/index.tsx; src/routes/_private/register/buoy/index.tsx; src/routes/_private/register/sensors/index.tsx; src/routes/_private/register/forms/index.tsx; src/routes/_private/register/sensor-functions/index.tsx; src/routes/_private/register/contracts/index.tsx; src/routes/_private/register/platform/index.tsx; ... +14 more"
PaginationEllipsis,pagination.tsx,re-export,22,"src/routes/_private/operation/ptax/index.tsx; src/routes/_private/form/index.tsx; src/routes/_private/cmms/filled-form-cmms/@components/filled-form-table.tsx; src/routes/_private/register/customers/index.tsx; src/routes/_private/register/buoy/index.tsx; src/routes/_private/register/sensors/index.tsx; src/routes/_private/register/forms/index.tsx; src/routes/_private/register/sensor-functions/index.tsx; src/routes/_private/register/contracts/index.tsx; src/routes/_private/register/platform/index.tsx; ... +12 more"
ScrollArea,scroll-area.tsx,re-export,22,"src/routes/_private/fleet-manager/@components/sidebar-panel.tsx; src/routes/_private/ia/anomaly-detector/@components/modal-anomaly.tsx; src/routes/_private/register/forms/@components/form-preview-modal.tsx; src/routes/_private/calendar-maintenance/@components/Month.tsx; src/routes/_private/calendar-maintenance/@components/Week.tsx; src/routes/_private/telemetry/heatmap-panel/@components/equipment-dialog.tsx; src/routes/_private/telemetry/datalogger/@components/sensor-select-dialog.tsx; src/routes/_private/voyage/route-planner/@components/Panel.tsx; src/routes/_private/voyage/voyage-integration/@components/panel-voyage-details.tsx; src/routes/_private/voyage/voyage-integration/@components/panel-voyages.tsx; ... +1 more"
AvatarImage,avatar.tsx,re-export,19,"src/components/sidebar/switch-notifications.tsx; src/routes/_private/statistics/time-operation/@components/TimeOperationTable.tsx; src/routes/_private/statistics/integration/index.tsx; src/routes/_private/operation/operational-fleet/@components/asset-operational-list.tsx; src/routes/_private/set-up-company/integration-list/index.tsx; src/routes/_private/consumption/time-operation/@components/time-operation-table.tsx; src/routes/_private/consumption/comparative/@components/ConsumptionCard.tsx; src/routes/_private/consumption/rve-rdo/@components/RVERDOItem.tsx; src/routes/_private/ia/anomaly-detector/@components/anomaly-detector-list.tsx; src/routes/_private/permissions/roles/users/index.tsx; ... +9 more"
FieldGroup,field.tsx,re-export,18,"src/components/default-form-layout.tsx; src/routes/_public/auth/index.tsx; src/routes/_public/auth/register.tsx; src/routes/_public/auth/@components/RequestStep.tsx; src/routes/_public/auth/@components/UnlockSuccessStep.tsx; src/routes/_public/auth/@components/SelectMethodStep.tsx; src/routes/_public/auth/@components/SuccessStep.tsx; src/routes/_public/auth/@components/ResetStep.tsx; src/routes/_public/auth/@components/VerifyCodeStep.tsx"
DialogTrigger,dialog.tsx,re-export,18,"src/routes/_private/operation/goals/@components/goal-add-machine-modal.tsx; src/routes/_private/consumption/rve-sounding/@components/modal-view-details.tsx; src/routes/_private/permissions/users/@components/user-filter-dialog.tsx; src/routes/_private/maintenance/monitoring-wear/@components/adjust-manual-wear.tsx; src/routes/_private/maintenance/monitoring-plans/@components/edit-event-schedule-dialog.tsx; src/routes/_private/maintenance/monitoring-plans/@components/filter-dialog.tsx; src/routes/_private/telemetry/datalogger/@components/sensor-select-dialog.tsx; src/routes/_private/service-management/fas/index.tsx; src/routes/_private/voyage/list-travel/@components/dialog-itinerary.tsx"
Textarea,textarea.tsx,re-export,18,"src/routes/_private/set-up-company/setup-chatbot/@components/setup-chatbot-form.tsx; src/routes/_private/register/sensors/@components/sensor-form.tsx; src/routes/_private/register/forms/@components/form-field-preview.tsx; src/routes/_private/register/sensor-functions/@components/sensor-function-form.tsx; src/routes/_private/register/maintenance-plans/@components/services-grouped-field.tsx; src/routes/_private/register/model-machine/@components/model-machine-form.tsx; src/routes/_private/register/parts/@components/part-form.tsx; src/routes/_private/calendar-maintenance/@components/EditEventDialog.tsx; src/routes/_private/maintenance/monitoring-wear/@components/adjust-manual-wear.tsx; src/routes/_private/maintenance/monitoring-plans/@components/edit-event-schedule-dialog.tsx; ... +7 more"
Tabs,tabs.tsx,re-export,16,"src/routes/_private/fleet-manager/@components/panel-search.tsx; src/routes/_private/permissions/roles/add.tsx; src/routes/_private/permissions/roles/edit/index.tsx; src/routes/_private/register/forms/@components/form-form.tsx; src/routes/_private/register/contracts/@components/contract-form.tsx; src/routes/_private/register/alerts/@components/alert-form.tsx; src/routes/_private/service-management/fas/@components/fas-dialog-add-service.tsx; src/routes/_private/voyage/list-travel/@components/dialog-itinerary.tsx"
TabsList,tabs.tsx,re-export,16,"src/routes/_private/fleet-manager/@components/panel-search.tsx; src/routes/_private/permissions/roles/add.tsx; src/routes/_private/permissions/roles/edit/index.tsx; src/routes/_private/register/forms/@components/form-form.tsx; src/routes/_private/register/contracts/@components/contract-form.tsx; src/routes/_private/register/alerts/@components/alert-form.tsx; src/routes/_private/service-management/fas/@components/fas-dialog-add-service.tsx; src/routes/_private/voyage/list-travel/@components/dialog-itinerary.tsx"
ItemFooter,item.tsx,re-export,16,"src/components/graph-break-parts.tsx; src/routes/_private/statistics/tracking-activity/@components/UsersWhatsappChart.tsx; src/routes/_private/statistics/tracking-activity/@components/UsersChart.tsx; src/routes/_private/statistics/tracking-activity/@components/UserRMDayChart.tsx; src/routes/_private/service-management/fas/@components/fas-table.tsx; src/routes/_private/voyage/list-travel/@components/add-composition.tsx; src/routes/_private/voyage/list-travel/@components/add-crew.tsx; src/routes/_private/voyage/list-travel/@components/add-event.tsx"
Separator,separator.tsx,re-export,15,"src/components/default-stats-section.tsx; src/components/specs-table.tsx; src/components/default-form-layout.tsx; src/routes/_private/fleet-manager/@components/panel-info.tsx; src/routes/_private/fleet-manager/@components/panel-options.tsx; src/routes/_private/consumption/daily/@components/Statistics.tsx; src/routes/_private/consumption/daily/@components/ListPolling.tsx; src/routes/_private/permissions/users/add.tsx; src/routes/_private/permissions/users/permissions-add.tsx; src/routes/_private/register/buoy/@components/buoy-form.tsx; ... +2 more"
Switch,switch.tsx,re-export,14,"src/routes/_private/set-up-company/external-users/index.tsx; src/routes/_private/set-up-company/integration-list/index.tsx; src/routes/_private/register/alerts/@components/event-config.tsx; src/routes/_private/register/enterprises/@components/enterprise-form.tsx; src/routes/_private/register/machines/@components/include-vessel-modal.tsx; src/routes/_private/telemetry/heatmap-fleet/@components/heatmap-notifications-form.tsx; src/routes/_private/service-management/fas-analytics/index.tsx; src/routes/_private/service-management/fas-contacts/@components/supplier-contacts-dialog.tsx"
MapTileLayer,map.tsx,re-export,13,"src/routes/_private/fleet-manager/index.tsx; src/routes/_private/register/geofences/@components/geofence-form.tsx; src/routes/_private/voyage/voyage-integration/index.tsx"
DataMultiSelect,data-multi-select.tsx,function/const,13,"src/components/selects/dashboard-folder-select.tsx; src/components/selects/alert-type-select.tsx; src/components/selects/sensor-by-machine-select.tsx; src/components/selects/user-select.tsx; src/components/selects/level-select.tsx; src/components/selects/sensor-by-enterprise-select.tsx; src/components/selects/condition-select.tsx; src/components/selects/part-select.tsx; src/components/selects/fence-type-select.tsx; src/components/selects/min-max-vessel-select.tsx; ... +2 more"
DataSelect,data-select.tsx,function/const,12,"src/components/selects/dashboard-folder-select.tsx; src/components/selects/sensor-by-machine-select.tsx; src/components/selects/user-select.tsx; src/components/selects/level-select.tsx; src/components/selects/sensor-by-enterprise-select.tsx; src/components/selects/condition-select.tsx; src/components/selects/part-select.tsx; src/components/selects/fence-type-select.tsx; src/components/selects/part-by-machine-select.tsx; src/routes/_private/register/forms/@components/form-field-preview.tsx; ... +1 more"
Collapsible,collapsible.tsx,re-export,12,"src/components/specs-table.tsx; src/components/sidebar/nav-main.tsx; src/routes/_private/consumption/comparative/@components/ConsumptionCard.tsx; src/routes/_private/consumption/daily/@components/Statistics.tsx; src/routes/_private/consumption/daily/@components/ListPolling.tsx; src/routes/_private/consumption/rve-rdo/@components/RVERDOItem.tsx"
CollapsibleTrigger,collapsible.tsx,re-export,12,"src/components/specs-table.tsx; src/components/sidebar/nav-main.tsx; src/routes/_private/consumption/comparative/@components/ConsumptionCard.tsx; src/routes/_private/consumption/daily/@components/Statistics.tsx; src/routes/_private/consumption/daily/@components/ListPolling.tsx; src/routes/_private/consumption/rve-rdo/@components/RVERDOItem.tsx"
CollapsibleContent,collapsible.tsx,re-export,12,"src/components/specs-table.tsx; src/components/sidebar/nav-main.tsx; src/routes/_private/consumption/comparative/@components/ConsumptionCard.tsx; src/routes/_private/consumption/daily/@components/Statistics.tsx; src/routes/_private/consumption/daily/@components/ListPolling.tsx; src/routes/_private/consumption/rve-rdo/@components/RVERDOItem.tsx"
ButtonGroup,button-group.tsx,re-export,10,"src/routes/_private/operation/operational-fleet/index.tsx; src/routes/_private/fleet-manager/@components/sidebar-buttons.tsx; src/routes/_private/telemetry/sensor-min-max/index.tsx; src/routes/_private/voyage/route-planner/@components/Panel.tsx"
Accordion,accordion.tsx,re-export,10,"src/components/default-accordion.tsx; src/routes/_private/telemetry/heatmap-fleet/add.tsx; src/routes/_private/telemetry/heatmap-fleet/notifications.tsx; src/routes/_private/telemetry/buoys-dwell-time/index.tsx"
AccordionItem,accordion.tsx,re-export,10,"src/components/default-accordion.tsx; src/routes/_private/telemetry/heatmap-fleet/add.tsx; src/routes/_private/telemetry/heatmap-fleet/notifications.tsx; src/routes/_private/telemetry/buoys-dwell-time/index.tsx"
AccordionTrigger,accordion.tsx,re-export,10,"src/components/default-accordion.tsx; src/routes/_private/telemetry/heatmap-fleet/add.tsx; src/routes/_private/telemetry/heatmap-fleet/notifications.tsx; src/routes/_private/telemetry/buoys-dwell-time/index.tsx"
AccordionContent,accordion.tsx,re-export,10,"src/components/default-accordion.tsx; src/routes/_private/telemetry/heatmap-fleet/add.tsx; src/routes/_private/telemetry/heatmap-fleet/notifications.tsx; src/routes/_private/telemetry/buoys-dwell-time/index.tsx"
RadioGroup,radio-group.tsx,re-export,10,"src/routes/_public/auth/@components/SelectMethodStep.tsx; src/routes/_private/fleet-manager/@components/panel-options.tsx; src/routes/_private/register/forms/@components/form-field-preview.tsx; src/routes/_private/maintenance/monitoring-plans/@components/filter-dialog.tsx"
SidebarMenuButton,sidebar.tsx,re-export,10,"src/components/sidebar/nav-main.tsx; src/components/sidebar/nav-footer.tsx; src/components/sidebar/switch-favorites.tsx"
Sheet,sheet.tsx,re-export,8,"src/components/ai-prompt/index.tsx; src/routes/_private/register/forms/@components/form-preview-modal.tsx; src/routes/_private/service-management/fas/filled-os/index.tsx; src/routes/_private/service-management/fas/details/index.tsx"
SheetContent,sheet.tsx,re-export,8,"src/components/ai-prompt/index.tsx; src/routes/_private/register/forms/@components/form-preview-modal.tsx; src/routes/_private/service-management/fas/filled-os/index.tsx; src/routes/_private/service-management/fas/details/index.tsx"
SheetHeader,sheet.tsx,re-export,8,"src/components/ai-prompt/index.tsx; src/routes/_private/register/forms/@components/form-preview-modal.tsx; src/routes/_private/service-management/fas/filled-os/index.tsx; src/routes/_private/service-management/fas/details/index.tsx"
SheetTitle,sheet.tsx,re-export,8,"src/components/ai-prompt/index.tsx; src/routes/_private/register/forms/@components/form-preview-modal.tsx; src/routes/_private/service-management/fas/filled-os/index.tsx; src/routes/_private/service-management/fas/details/index.tsx"
BreadcrumbItem,breadcrumb.tsx,re-export,8,"src/components/auto-breadcrumbs.tsx"
DialogDescription,dialog.tsx,re-export,8,"src/routes/_private/statistics/time-operation/@components/TimeOperationDetailsDialog.tsx; src/routes/_private/operation/ptax/@components/ptax-modal.tsx; src/routes/_private/maintenance/monitoring-wear/@components/adjust-manual-wear.tsx; src/routes/_private/maintenance/monitoring-plans/@components/edit-event-schedule-dialog.tsx"
ItemSeparator,item.tsx,re-export,7,"src/components/specs-table.tsx; src/routes/_private/consumption/daily/@components/Statistics.tsx; src/routes/_private/consumption/daily/@components/ListPolling.tsx"
DataTable,data-table.tsx,function/const,6,"src/routes/_private/statistics/integration/index.tsx; src/routes/_private/ia/anomaly-detector/@components/anomaly-detector-list.tsx; src/routes/_private/esg/consumption-co2/@components/ConsumptionCO2Table.tsx; src/routes/_private/esg/indicators-eeoi-cii/@components/IndicatorsTable.tsx; src/routes/_private/esg/indicators-eeoi-cii/@components/IndicatorsTableDetails.tsx; src/routes/_private/esg/cii-fleet/@components/FleetCIITable.tsx"
MapLayers,map.tsx,re-export,6,"src/routes/_private/fleet-manager/index.tsx; src/routes/_private/register/geofences/@components/geofence-form.tsx; src/routes/_private/voyage/voyage-integration/index.tsx"
BreadcrumbLink,breadcrumb.tsx,re-export,6,"src/components/auto-breadcrumbs.tsx"
RadioGroupItem,radio-group.tsx,re-export,6,"src/routes/_public/auth/@components/SelectMethodStep.tsx; src/routes/_private/fleet-manager/@components/panel-options.tsx; src/routes/_private/register/forms/@components/form-field-preview.tsx; src/routes/_private/maintenance/monitoring-plans/@components/filter-dialog.tsx"
SidebarMenuItem,sidebar.tsx,re-export,6,"src/components/sidebar/nav-main.tsx; src/components/sidebar/nav-footer.tsx; src/components/sidebar/switch-favorites.tsx"
useSidebar,sidebar.tsx,re-export,6,"src/components/sidebar/index.tsx; src/components/sidebar/nav-main.tsx; src/components/sidebar/nav-footer.tsx; src/components/sidebar/switch-favorites.tsx; src/components/sidebar/switch-sidebar.tsx; src/hooks/use-sidebar-toggle.ts"
Reasoning,chat.tsx,function/const,6,"src/components/ai-prompt/index.tsx"
StatusIndicator,badge.tsx,re-export,5,"src/routes/_private/telemetry/heatmap-panel/@components/equipment-dialog.tsx; src/routes/_private/telemetry/heatmap-panel/@components/status-tracker.tsx; src/routes/_private/telemetry/heatmap-panel/@components/benchmark-cards.tsx; src/routes/_private/service-management/fas/filled-os/@components/os-details.tsx; src/routes/_private/service-management/fas/@components/fas-table.tsx"
DropdownMenuSeparator,dropdown-menu.tsx,re-export,5,"src/components/default-table.tsx; src/components/sidebar/switch-notifications.tsx; src/components/sidebar/switch-enterprise.tsx; src/routes/_private/register/enterprises/index.tsx"
SheetTrigger,sheet.tsx,re-export,4,"src/routes/_private/service-management/fas/filled-os/index.tsx; src/routes/_private/service-management/fas/details/index.tsx"
MapMarker,map.tsx,re-export,4,"src/routes/_private/fleet-manager/@components/vessel-markers.tsx; src/routes/_private/voyage/voyage-integration/@components/detailes-route.tsx"
Empty,empty.tsx,re-export,4,"src/components/default-empty-data.tsx; src/routes/__root.tsx"
EmptyHeader,empty.tsx,re-export,4,"src/components/default-empty-data.tsx; src/routes/__root.tsx"
EmptyTitle,empty.tsx,re-export,4,"src/components/default-empty-data.tsx; src/routes/__root.tsx"
EmptyDescription,empty.tsx,re-export,4,"src/components/default-empty-data.tsx; src/routes/__root.tsx"
BreadcrumbPage,breadcrumb.tsx,re-export,4,"src/components/auto-breadcrumbs.tsx"
BreadcrumbSeparator,breadcrumb.tsx,re-export,4,"src/components/auto-breadcrumbs.tsx"
SidebarMenu,sidebar.tsx,re-export,4,"src/components/sidebar/nav-main.tsx; src/components/sidebar/nav-footer.tsx"
TableFooter,table.tsx,re-export,4,"src/routes/_private/statistics/time-operation/@components/TimeOperationTable.tsx; src/routes/_private/consumption/time-operation/@components/time-operation-table.tsx"
Message,chat.tsx,function/const,4,"src/components/ai-prompt/index.tsx"
ReasoningTrigger,chat.tsx,function/const,4,"src/components/ai-prompt/index.tsx"
ReasoningContent,chat.tsx,function/const,4,"src/components/ai-prompt/index.tsx"
Toggle,toggle.tsx,re-export,4,"src/routes/_private/operation/operational-asset/@components/monthly-status-chart.tsx"
DropdownMenuShortcut,dropdown-menu.tsx,re-export,4,"src/routes/_private/calendar-maintenance/index.tsx"
Map,map.tsx,re-export,3,"src/components/ai-prompt/@utils/contextBuilder.ts; src/components/ai-prompt/@utils/semanticSearch.ts; src/routes/_private/fleet-manager/@components/vessel-markers.tsx"
InputGroup,input-group.tsx,re-export,2,"src/routes/_private/voyage/route-planner/@components/Panel.tsx"
Progress,progress.tsx,re-export,2,"src/components/graph-progress.tsx; src/routes/_private/maintenance/monitoring-wear/@components/monitoring-wear-details.tsx"
SheetFooter,sheet.tsx,re-export,2,"src/components/ai-prompt/index.tsx"
FieldDescription,field.tsx,re-export,2,"src/routes/_public/auth/index.tsx"
FieldLegend,field.tsx,re-export,2,"src/components/default-form-layout.tsx"
FieldSet,field.tsx,re-export,2,"src/components/default-form-layout.tsx"
MapDrawControl,map.tsx,re-export,2,"src/routes/_private/register/geofences/@components/geofence-form.tsx"
MapLayersControl,map.tsx,re-export,2,"src/routes/_private/register/geofences/@components/geofence-form.tsx; src/routes/_private/voyage/voyage-integration/index.tsx"
MapTooltip,map.tsx,re-export,2,"src/routes/_private/fleet-manager/@components/vessel-markers.tsx"
Breadcrumb,breadcrumb.tsx,re-export,2,"src/components/auto-breadcrumbs.tsx"
BreadcrumbList,breadcrumb.tsx,re-export,2,"src/components/auto-breadcrumbs.tsx"
Kbd,kbd.tsx,re-export,2,"src/components/sidebar/nav-footer.tsx"
Sidebar,sidebar.tsx,re-export,2,"src/components/sidebar/index.tsx"
SidebarContent,sidebar.tsx,re-export,2,"src/components/sidebar/index.tsx"
SidebarFooter,sidebar.tsx,re-export,2,"src/components/sidebar/index.tsx"
SidebarHeader,sidebar.tsx,re-export,2,"src/components/sidebar/index.tsx"
SidebarInset,sidebar.tsx,re-export,2,"src/routes/_private.tsx"
SidebarMenuSub,sidebar.tsx,re-export,2,"src/components/sidebar/nav-main.tsx"
SidebarMenuSubButton,sidebar.tsx,re-export,2,"src/components/sidebar/nav-main.tsx"
SidebarMenuSubItem,sidebar.tsx,re-export,2,"src/components/sidebar/nav-main.tsx"
SidebarProvider,sidebar.tsx,re-export,2,"src/routes/_private.tsx"
MessageContent,chat.tsx,function/const,2,"src/components/ai-prompt/index.tsx"
MessageResponse,chat.tsx,function/const,2,"src/components/ai-prompt/index.tsx"
Conversation,chat.tsx,function/const,2,"src/components/ai-prompt/index.tsx"
ConversationContent,chat.tsx,function/const,2,"src/components/ai-prompt/index.tsx"
ConversationEmptyState,chat.tsx,function/const,2,"src/components/ai-prompt/index.tsx"
DropdownMenuLabel,dropdown-menu.tsx,re-export,2,"src/components/sidebar/switch-notifications.tsx"
FormDescription,form.tsx,re-export,2,"src/routes/_private/register/enterprises/@components/enterprise-form.tsx"
RotatingText,rotating-text.tsx,re-export,1,"src/components/ai-prompt/index.tsx"
MapDrawCircle,map.tsx,re-export,1,"src/routes/_private/register/geofences/@components/geofence-form.tsx"
MapDrawDelete,map.tsx,re-export,1,"src/routes/_private/register/geofences/@components/geofence-form.tsx"
MapDrawEdit,map.tsx,re-export,1,"src/routes/_private/register/geofences/@components/geofence-form.tsx"
MapDrawPolygon,map.tsx,re-export,1,"src/routes/_private/register/geofences/@components/geofence-form.tsx"
MapDrawUndo,map.tsx,re-export,1,"src/routes/_private/register/geofences/@components/geofence-form.tsx"
MapPolyline,map.tsx,re-export,1,"src/routes/_private/voyage/voyage-integration/@components/detailes-route.tsx"
MapZoomControl,map.tsx,re-export,1,"src/routes/_private/register/geofences/@components/geofence-form.tsx"
useLeaflet,map.tsx,re-export,1,"src/routes/_private/register/geofences/@components/geofence-form.tsx"
useMapDrawContext,map.tsx,re-export,1,"src/routes/_private/register/geofences/@components/geofence-form.tsx"
useMapLayersContext,map.tsx,re-export,1,"src/routes/_private/fleet-manager/@components/panel-options.tsx"
Toaster,sonner.tsx,re-export,1,"src/main.tsx"
BreadcrumbEllipsis,breadcrumb.tsx,re-export,1,"src/components/auto-breadcrumbs.tsx"
Status,badge.tsx,re-export,1,"src/hooks/use-statistics-api.ts"
SidebarSeparator,sidebar.tsx,re-export,1,"src/components/sidebar/index.tsx"
ChatInput,chat.tsx,function/const,1,"src/components/ai-prompt/index.tsx"
ChatSuggestions,chat.tsx,function/const,1,"src/components/ai-prompt/index.tsx"
ReasoningClose,chat.tsx,function/const,1,"src/components/ai-prompt/index.tsx"
ConversationScrollButton,chat.tsx,function/const,1,"src/components/ai-prompt/index.tsx"
AlertDialogPortal,alert-dialog.tsx,re-export,0,""
AlertDialogOverlay,alert-dialog.tsx,re-export,0,""
DataTableColumn,data-table.tsx,type/interface,0,""
DataTableProps,data-table.tsx,type/interface,0,""
ButtonGroupSeparator,button-group.tsx,re-export,0,""
ButtonGroupText,button-group.tsx,re-export,0,""
buttonGroupVariants,button-group.tsx,re-export,0,""
CardTitle,card.tsx,re-export,0,""
CardDescription,card.tsx,re-export,0,""
CardAction,card.tsx,re-export,0,""
CardHeaderActions,card.tsx,re-export,0,""
Slider,slider.tsx,re-export,0,""
InputGroupSeparator,input-group.tsx,re-export,0,""
InputGroupText,input-group.tsx,re-export,0,""
inputGroupVariants,input-group.tsx,re-export,0,""
PopoverAnchor,popover.tsx,re-export,0,""
ChartConfig,chart.tsx,type/interface,0,""
ChartStyle,chart.tsx,re-export,0,""
SheetClose,sheet.tsx,re-export,0,""
SheetDescription,sheet.tsx,re-export,0,""
FieldError,field.tsx,re-export,0,""
FieldSeparator,field.tsx,re-export,0,""
FieldContent,field.tsx,re-export,0,""
FieldTitle,field.tsx,re-export,0,""
Shimmer,shimmer.tsx,function/const,0,""
TextShimmerProps,shimmer.tsx,type/interface,0,""
MapCircle,map.tsx,re-export,0,""
MapCircleMarker,map.tsx,re-export,0,""
MapDrawMarker,map.tsx,re-export,0,""
MapDrawPolyline,map.tsx,re-export,0,""
MapDrawRectangle,map.tsx,re-export,0,""
MapFeatureGroup,map.tsx,re-export,0,""
MapLayerGroup,map.tsx,re-export,0,""
MapLocateControl,map.tsx,re-export,0,""
MapPolygon,map.tsx,re-export,0,""
MapPopup,map.tsx,re-export,0,""
MapRectangle,map.tsx,re-export,0,""
ScrollBar,scroll-area.tsx,re-export,0,""
EmptyContent,empty.tsx,re-export,0,""
EmptyMedia,empty.tsx,re-export,0,""
DataMultiSelectOption,data-multi-select.tsx,type/interface,0,""
CalendarDayButton,calendar.tsx,re-export,0,""
NativeSelect,native-select.tsx,re-export,0,""
NativeSelectOptGroup,native-select.tsx,re-export,0,""
NativeSelectOption,native-select.tsx,re-export,0,""
Command,command.tsx,re-export,0,""
CommandDialog,command.tsx,re-export,0,""
CommandInput,command.tsx,re-export,0,""
CommandList,command.tsx,re-export,0,""
CommandEmpty,command.tsx,re-export,0,""
CommandGroup,command.tsx,re-export,0,""
CommandItem,command.tsx,re-export,0,""
CommandShortcut,command.tsx,re-export,0,""
CommandSeparator,command.tsx,re-export,0,""
KbdGroup,kbd.tsx,re-export,0,""
DialogClose,dialog.tsx,re-export,0,""
DialogOverlay,dialog.tsx,re-export,0,""
DialogPortal,dialog.tsx,re-export,0,""
StatusVariant,badge.tsx,type/interface,0,""
StatusIndicatorProps,badge.tsx,type/interface,0,""
StatusProps,badge.tsx,type/interface,0,""
StatusLabelProps,badge.tsx,type/interface,0,""
badgeVariants,badge.tsx,re-export,0,""
StatusLabel,badge.tsx,re-export,0,""
DataSelectOption,data-select.tsx,type/interface,0,""
SidebarGroup,sidebar.tsx,re-export,0,""
SidebarGroupAction,sidebar.tsx,re-export,0,""
SidebarGroupContent,sidebar.tsx,re-export,0,""
SidebarGroupLabel,sidebar.tsx,re-export,0,""
SidebarInput,sidebar.tsx,re-export,0,""
SidebarMenuAction,sidebar.tsx,re-export,0,""
SidebarMenuBadge,sidebar.tsx,re-export,0,""
SidebarMenuSkeleton,sidebar.tsx,re-export,0,""
TableCaption,table.tsx,re-export,0,""
ChatInputArea,chat.tsx,function/const,0,""
ChatInputTextarea,chat.tsx,function/const,0,""
ChatInputAction,chat.tsx,function/const,0,""
ChatTyping,chat.tsx,function/const,0,""
useReasoning,chat.tsx,function/const,0,""
MessageProps,chat.tsx,type/interface,0,""
MessageContentProps,chat.tsx,type/interface,0,""
MessageResponseProps,chat.tsx,type/interface,0,""
ChatInputProps,chat.tsx,type/interface,0,""
ChatSuggestionProps,chat.tsx,type/interface,0,""
ReasoningProps,chat.tsx,type/interface,0,""
ReasoningTriggerProps,chat.tsx,type/interface,0,""
ReasoningCloseProps,chat.tsx,type/interface,0,""
ReasoningContentProps,chat.tsx,type/interface,0,""
ConversationProps,chat.tsx,type/interface,0,""
ConversationContentProps,chat.tsx,type/interface,0,""
ConversationEmptyStateProps,chat.tsx,type/interface,0,""
ConversationScrollButtonProps,chat.tsx,type/interface,0,""
buttonVariants,button.tsx,re-export,0,""
toggleVariants,toggle.tsx,re-export,0,""
checkboxVariants,checkbox.tsx,re-export,0,""
DropdownMenuPortal,dropdown-menu.tsx,re-export,0,""
DropdownMenuGroup,dropdown-menu.tsx,re-export,0,""
DropdownMenuCheckboxItem,dropdown-menu.tsx,re-export,0,""
DropdownMenuRadioGroup,dropdown-menu.tsx,re-export,0,""
DropdownMenuRadioItem,dropdown-menu.tsx,re-export,0,""
DropdownMenuSub,dropdown-menu.tsx,re-export,0,""
DropdownMenuSubTrigger,dropdown-menu.tsx,re-export,0,""
DropdownMenuSubContent,dropdown-menu.tsx,re-export,0,""
SelectGroup,select.tsx,re-export,0,""
SelectLabel,select.tsx,re-export,0,""
SelectScrollDownButton,select.tsx,re-export,0,""
SelectScrollUpButton,select.tsx,re-export,0,""
SelectSeparator,select.tsx,re-export,0,""
useFormField,form.tsx,re-export,0,""
